{"cameraMode":{"drawMode":0,"name":"Shaded","section":"Shading Mode"},"sceneLighting":true,"audioPlay":false,"sceneViewState":{"m_AlwaysRefresh":false,"showFog":true,"showSkybox":true,"showFlares":true,"showImageEffects":true,"showParticleSystems":true,"showVisualEffectGraphs":true,"m_FxEnabled":true},"in2DMode":false,"pivot":{"x":654.0286254882813,"y":372.3459777832031,"z":25.0318603515625},"rotation":{"x":-0.05128704011440277,"y":-0.0038975761272013189,"z":0.0002001445391215384,"w":-0.998677134513855},"size":441.56536865234377,"orthographic":false}